Lat,Lng,LONG,LAT,Agency_Name,Address,Request_type,Description
43.0489191,-76.1517942,-76.1479,43.0093,"Garbage, Recycling & Graffiti","3138 Midland Ave Syracuse NY 13205, United States",Report Improperly Set Out Trash or Recycling (Illegal Setout),
43.0489191,-76.1517942,-76.1155,43.0393,"Garbage, Recycling & Graffiti","211 Clarke St Syracuse, New York, 13210",Report Litter on Private Land,Constituent called anonymously to report 10-15 bags of garbage on the side of this property. Stated that the bags have been there for weeks & have now been ripped open due the animals tearing the bags. 
43.0489191,-76.1517942,-76.1198,43.04,"Garbage, Recycling & Graffiti","Westcott Syracuse, New York",Report Improperly Set Out Trash or Recycling (Illegal Setout),Constituent called to report that the recycling and trash carts have been left out for multiple days in the Westcott area. 
43.0489191,-76.1517942,-76.1233,43.0382,"Garbage, Recycling & Graffiti","Lancaster Ave Syracuse, New York, 13210",Report Improperly Set Out Trash or Recycling (Illegal Setout),Constituent called to report that the recycling and trash carts have been left out for multiple days on this street. 
43.0489191,-76.1517942,-76.1397,42.9991,"Garbage, Recycling & Graffiti","111 Munson Dr Syracuse, New York, 13205",Report a Skipped Weekly Trash Pick Up,Skipped Thursday.  Still at curb.
43.0489191,-76.1517942,-76.1657,43.043,"Garbage, Recycling & Graffiti","525 Gifford St Syracuse, New York, 13204",Report a Skipped Weekly Trash Pick Up,Skipped friday.  Only got some of the street.
43.0489191,-76.1517942,-76.1761,43.036,"Garbage, Recycling & Graffiti","322 Rowland St Syracuse, New York, 13204",Report a Skipped Weekly Trash Pick Up,Skipped Friday.  Still out.
43.0489191,-76.1517942,-76.1872,43.0335,"Garbage, Recycling & Graffiti","1790–1798 W Onondaga St Syracuse NY 13204, United States",Report Litter on Public Land,
43.0489191,-76.1517942,-76.1732,43.0348,"Garbage, Recycling & Graffiti","311 Elliott St Syracuse NY 13204, United States",Report Improperly Set Out Trash or Recycling (Illegal Setout),
43.0489191,-76.1517942,-76.1437,43.0653,"Garbage, Recycling & Graffiti","106 Spring St Syracuse, New York, 13208",Report a Skipped Weekly Trash Pick Up,Skipped monday-still out
43.0489191,-76.1517942,-76.1202,43.0619,"Garbage, Recycling & Graffiti","502 Hixson Ave Syracuse, New York, 13206",Report a Skipped Weekly Trash Pick Up,skipped tuesday
43.0489191,-76.1517942,-76.1706,43.039,"Garbage, Recycling & Graffiti","209 Davis St Syracuse, New York, 13204",Report Improperly Set Out Trash or Recycling (Illegal Setout),garbage can and recycling plus a couch on the curb.  Trash day is Friday morning.
43.0489191,-76.1517942,-76.1107,43.0625,"Garbage, Recycling & Graffiti","347 Forest Hill Dr Syracuse, New York, 13206",Sanitation Exempt Skipped,"Constituent says her trash was skipped, "
43.0489191,-76.1517942,-76.1703,43.0334,"Garbage, Recycling & Graffiti","510 Dudley St Syracuse, NY 13204, USA",Report Litter on Private Land,510 Dudley does not keep the property clean has mounds of trash on the side of the house that's blowing into the street does not clean the snow from their sidewalk which is forcing children people with disabilities wheelchairs and elderly people in the street
43.0489191,-76.1517942,-76.1313,43.0483,"Garbage, Recycling & Graffiti","1212east E Fayette St Syracuse NY 13210, United States",Report Improperly Set Out Trash or Recycling (Illegal Setout),
43.0489191,-76.1517942,-76.1054,43.0425,"Garbage, Recycling & Graffiti","2901–2913 E Genesee St Syracuse NY 13224, United States",Trash Can on Public Land,
43.0489191,-76.1517942,-76.1607,43.0712,"Garbage, Recycling & Graffiti","1102 Carbon St Syracuse NY 13208, United States",Report a Skipped Recycling Pick Up,
43.0489191,-76.1517942,-76.1624,43.0734,"Garbage, Recycling & Graffiti","1522 Spring St Syracuse, New York, 13208",Tires,4 tires
43.0489191,-76.1517942,-76.1467,43.0838,"Garbage, Recycling & Graffiti","349 Harford Rd Syracuse, New York, 13208",Sanitation Exempt Skipped,skipped Monday.  
43.0489191,-76.1517942,-76.1726,43.0359,"Garbage, Recycling & Graffiti","208 Rowland St Syracuse NY 13204, United States",Report a Skipped Recycling Pick Up,Can was out the night before 
43.0489191,-76.1517942,-76.1104,43.0482,"Garbage, Recycling & Graffiti","201 Fenway Dr Syracuse, New York, 13224",Sanitation Exempt Skipped,Constituent says her weekly trash was skipped. 
43.0489191,-76.1517942,-76.1662,43.0363,"Garbage, Recycling & Graffiti","208 Delaware St Syracuse, New York, 13204",Report a Skipped Recycling Pick Up,Constituent called to report their recycling as skipped. Skipped from Friday (1/3). 
43.0489191,-76.1517942,-76.1224,43.0575,"Garbage, Recycling & Graffiti","721 Teall Ave Syracuse, New York, 13206",Report a Skipped Weekly Trash Pick Up,Constituent says her weekly trash was skipped. 
43.0489191,-76.1517942,-76.1103,43.0324,"Garbage, Recycling & Graffiti","730 Crawford Ave Syracuse, New York, 13224",Sanitation Exempt Skipped,Constituent says her trash was missing and the recycling was skipped. 
43.0489191,-76.1517942,-76.1611,43.0659,"Garbage, Recycling & Graffiti","310 Sunset Ave Syracuse, New York, 13208",Report a Skipped Recycling Pick Up,Constituent called to report their recycling as skipped. NO violations 
43.0489191,-76.1517942,-76.161,43.0658,"Garbage, Recycling & Graffiti","308 Sunset Ave Syracuse, New York, 13208",Report a Skipped Recycling Pick Up,Constituent called to report their trash as skipped. NO violations. 
43.0489191,-76.1517942,-76.1609,43.0658,"Garbage, Recycling & Graffiti","306 Sunset Ave Syracuse, New York, 13208",Report a Skipped Recycling Pick Up,Constituent called to report their recycling as skipped. No violations. 
43.0489191,-76.1517942,-76.1452,43.0689,"Garbage, Recycling & Graffiti","159 Griffiths St Syracuse, New York, 13208",Tires,4 tires. 
43.0489191,-76.1517942,-76.1138,43.0703,"Garbage, Recycling & Graffiti","213 North Ave Syracuse, New York, 13206",Report a Skipped Bulk Pick Up,Scheduled bulk skipped. 
43.0489191,-76.1517942,-76.13,43.048,"Garbage, Recycling & Graffiti","310 Pine St Syracuse, New York, 13210",Report a Skipped Recycling Pick Up,Constituent says his recycling was skipped. 
43.0489191,-76.1517942,-76.1273,43.0646,"Garbage, Recycling & Graffiti","149 Durston Ave Syracuse, New York, 13203",Report a Skipped Bulk Pick Up,"Skipped bulk item, recliner/chair. "
43.0489191,-76.1517942,-76.1135,43.0649,"Garbage, Recycling & Graffiti","237 Hickok Ave Syracuse, New York, 13206",Report a Skipped Bulk Pick Up,Futon scheduled in rubicon skipped. 
43.0489191,-76.1517942,-76.1279,43.0682,"Garbage, Recycling & Graffiti","210 Kline St Syracuse, New York, 13203",Report a Skipped Bulk Pick Up,"Skipped bulk, dresser. "
43.0489191,-76.1517942,-76.1097,43.0738,"Garbage, Recycling & Graffiti","308 Norwood Ave Syracuse, New York, 13206",Report a Skipped Weekly Trash Pick Up,Constituent says her weekly trash was skipped. 
43.0489191,-76.1517942,-76.111,43.0485,"Garbage, Recycling & Graffiti","2317 E Fayette St Syracuse, New York, 13224",Report a Skipped Bulk Pick Up,Bulk requested in rubicon skipped. 
43.0489191,-76.1517942,-76.0971,43.0632,"Garbage, Recycling & Graffiti","131 Luddington St Syracuse, New York, 13206",Report a Skipped Weekly Trash Pick Up,Skipped trash. 
43.0489191,-76.1517942,-76.1752,43.0338,"Garbage, Recycling & Graffiti","1301 W Onondaga St Syracuse, New York, 13204",Report a Skipped Weekly Trash Pick Up,Skipped trash and recycling from over the weekend. 
43.0489191,-76.1517942,-76.115,43.0455,"Garbage, Recycling & Graffiti","2317 E Genesee St Syracuse NY 13210, United States",Report Improperly Set Out Trash or Recycling (Illegal Setout),
43.050816,-76.1278734,-76.1133,43.0462,Water & Sewage,"435 Ellis St Syracuse, New York, 13210",Sewer Back-ups (INTERNAL),Dina 450-3461,,,,
43.050816,-76.1278734,-76.1708,43.0552,Water & Sewage,"609 N Geddes St Syracuse, New York, 13204",Other Sewer-related Concerns,Jet Flush- Jerry 439-6961,,,,
43.050816,-76.1278734,-76.1508,43.02,Water & Sewage,"318 W Brighton Ave Syracuse, New York, 13205",Sewer Back-ups (INTERNAL),"Dan
315-396-1284",,,,
43.050816,-76.1278734,-76.1338,43.0731,Water & Sewage,"117 Pleasantview Ave Syracuse, New York, 13208",Other Sewer-related Concerns,caleb- 391-6742 needs a jet flush,,,,
43.050816,-76.1278734,-76.1525,43.0654,Water & Sewage,"103 Steuben St Syracuse, New York, 13208",Other Sewer-related Concerns,"Stacy (877-1753) Greater Syr Plumbing
Requesting a Flush (Flush#49)
Dispatched to #501",,,,
43.050816,-76.1278734,-76.1669,43.0457,Water & Sewage,"Seneca St & Marcellus St Syracuse, New York, 13204",Other Sewer-related Concerns,"UFPO
Water Main Repair",,,,
43.050816,-76.1278734,-76.1295,43.0387,Water & Sewage,"711 Comstock Ave Syracuse, New York, 13210",Sewer Back-ups (INTERNAL),"John(Han Septic)
315-374-3646
Jet Flush #48",,,,
43.050816,-76.1278734,-76.0953,43.0485,Water & Sewage,"624 Audubon Pkwy Syracuse, New York, 13224",Sewer Back-ups (INTERNAL),Helen  395-6694,,,,
43.050816,-76.1278734,-76.1634,43.0437,Water & Sewage,"517 Fabius St Syracuse, New York, 13204",Sewer Back-ups (INTERNAL),Gloria 403-0581,,,,
43.050816,-76.1278734,-76.1116,43.0328,Water & Sewage,"Meadowbrook Dr & Dakota St Syracuse, New York, 13224",Other Sewer-related Concerns,"K.Bowling(Water Dept) Foreman
Requesting sewers on water epair
Dispatched to D. Ellsworth",,,,
43.050816,-76.1278734,-76.1557,43.0379,Water & Sewage,"321 Midland Ave Syracuse, New York, 13202",Sewer Back-ups (INTERNAL),"Joanne  876-5114
Asphalt was cleared for sewers,,,able to access vent",,,,
43.050816,-76.1278734,-76.1453,43.0151,Water & Sewage,"1126 Cannon St Syracuse, New York, 13205",Other Sewer-related Concerns,Sewer water is coming up from the drain in the front of the house by the street ,,,,
43.050816,-76.1278734,-76.177,43.0358,Water & Sewage,"Herriman St & Rowland St Syracuse, New York, 13204",Report internal structural damage of a Catch Basin/Storm Drain,"34 
Repair Stone Top",,,,
43.050816,-76.1278734,-76.152,43.0822,Water & Sewage,"306 Martin St Syracuse, New York, 13208",Sewer Back-ups (INTERNAL),tyler 925-3452,,,,
43.050816,-76.1278734,-76.1603,43.0415,Water & Sewage,"Niagara St & Shonnard St Syracuse, New York, 13204",Report internal structural damage of a Catch Basin/Storm Drain,"#34
Stone Top Repair",,,,
43.050816,-76.1278734,-76.1526,43.0207,Water & Sewage,"309 Hatch St Syracuse, New York, 13205",Sewer Back-ups (INTERNAL),Carol 475-3866,,,,
43.050816,-76.1278734,-76.109,43.0434,Water & Sewage,"2686 E Genesee St Syracuse, New York, 13224",Sewer Back-ups (INTERNAL),"Cindy
315-446-8102",,,,
43.050816,-76.1278734,-76.1659,43.0234,Water & Sewage,"512 Summit Ave Syracuse, New York, 13207",Sewer Back-ups (INTERNAL),shena 878-4291,,,,
43.050816,-76.1278734,-76.1285,43.0221,Water & Sewage,"Comstock Ave & Daybreak Ln Syracuse, New York, 13210",Other Sewer-related Concerns,"51
Repair Manhole",,,,
43.050816,-76.1278734,-76.1011,43.0505,Water & Sewage,"270 Mountainview Ave Syracuse, New York, 13224",Sewer Back-ups (INTERNAL),Jay 680-322-6702,,,,
43.050816,-76.1278734,-76.1208,43.0614,Water & Sewage,"417 Boyden St Syracuse, New York, 13206",Sewer Back-ups (INTERNAL),"Ed
43.0500529,-76.1490936,-76.1379,43.0553,Parking & Vehicles,"300-300 Green St Syracuse, NY, 13203, USA",Report an illegally parked vehicle,Cars parked illegally and not following odd even parking rules in 300 block of Green Street. Also noticed a black sedan parked on this block without plates
43.0500529,-76.1490936,-76.1364,43.0539,Parking & Vehicles,"301-399 N Crouse Ave Syracuse, NY, 13203, USA",Report an illegally parked vehicle,Is there any update on this? There are still illegally parked vehicles on the street in this block even though parking is prohibited in this block and No Parking signs are clearly visible. Emergency vehicles have a difficult time navigating this block when cars are parked illegally.
43.0500529,-76.1490936,-76.1852,43.0458,Parking & Vehicles,"368-398 Tennyson Ave Syracuse, NY, 13204, USA",Report an Abandoned Vehicle,"Vehicle has not moved in almost 2 weeks, newer Orange SUV. "
43.0500529,-76.1490936,-76.1703,43.0332,Parking & Vehicles,"1000 Bellevue Ave Syracuse, NY 13204, USA",Report an illegally parked vehicle,vehicle is constantly parking on the wrong side blocking school buses and traffic on Bellevue. 
43.0500529,-76.1490936,-76.1364,43.0538,Parking & Vehicles,"301-399 N Crouse Ave Syracuse, NY, 13203, USA",Report an illegally parked vehicle,Cars are constantly parked here during the daytime hours in this portion of N Crouse Ave even though parking is prohibited in the entire block.
43.0500529,-76.1490936,-76.1211,43.0484,Parking & Vehicles,"1701 E Fayette St Syracuse NY 13210, United States",Report an illegally parked vehicle,"Once again a car is parked on the sidewalk forcing children and disabled people to walk in the street during a snow storm at night with low visibility. This an ongoing problem that needs to be addressed expeditiously. 
"
43.0500529,-76.1490936,-76.1605,43.0101,Parking & Vehicles,"308 Barnes Ave Syracuse, NY, 13207, USA",Report an illegally parked vehicle,Car on street hasn't been moved in at least 2 months and has a flat tire. Because of that we only get half our street plowed
43.0500529,-76.1490936,-76.142,43.0728,Parking & Vehicles,"1514 Butternut St Syracuse NY 13208, United States",Report an Abandoned Vehicle,This white car is covered in snow and has been plowed around for over a week. it is an eyesore and a hazard 
43.0500529,-76.1490936,-76.1578,43.0439,Parking & Vehicles,"105-299 Mccormick Ave Syracuse, NY, 13202, USA",Report an illegally parked vehicle,Pee-Wee's large vehicles that he's using the city parking spots as his commercial parking lot
43.0500529,-76.1490936,-76.1579,43.0438,Parking & Vehicles,"631 S West St Syracuse, NY, 13202, USA",Report an illegally parked vehicle,
43.0500529,-76.1490936,-76.1579,43.0438,Parking & Vehicles,"631 S West St Syracuse, NY, 13202, USA",Report an illegally parked vehicle,Pee-Wee's service shop is using all of the city parking spots to park his vehicles he is working on. I am unable to get down my driveway to Access my right-of-way into my building with these large vehicles parked on the street next to West Street. Most of the vehicles remain parked here for weeks and never moved. These pictures are of just the large vehicles but most vehicles parked on this side street from fire station 6 to Peewees is using it to service his vehicles and park them there. 
43.0500529,-76.1490936,-76.1446,42.9951,Parking & Vehicles,"W Cheltenham Rd Syracuse, New York, 13205",Report an illegally parked vehicle,Neighbor runs a dumpster business out of his house and parks his dumpster trailer in the street making it hard for snow plows and generally obstructing traffic
43.0500529,-76.1490936,-76.1972,43.0607,Parking & Vehicles,"1015 Emerson Ave Syracuse, NY, 13204, USA",Report an illegally parked vehicle,It's been 3 days since we've had a plow come down the street because we have one neighbor that refuses to obey the odd even parking could you please write these people a ticket or told their car so we can have a plow come down our street
43.0500529,-76.1490936,-76.1369,43.0793,Parking & Vehicles,"606 Darlington Rd Syracuse, NY 13208, USA",Report an illegally parked vehicle,"car has been sitting here since Saturday, leaving snow build up around. "
43.0500529,-76.1490936,-76.1362,43.0556,Parking & Vehicles,"101-199 Green Street Pl Syracuse, NY, 13203, USA",Report an Abandoned Vehicle,Appears to be an abandoned/illegally parked vehicle at the end of Green Street Place. Vehicle does not have plates
43.0500529,-76.1490936,-76.1852,43.0458,Parking & Vehicles,"368-398 Tennyson Ave Syracuse, NY, 13204, USA",Report an illegally parked vehicle,Same vehicle reported previously still has not moved. Makes parking difficult because the plows keep their distance and spaces become unparkable. 
43.0500529,-76.1490936,-76.1334,43.0779,Parking & Vehicles,"336 Wainwright Ave Syracuse NY 13208, United States",Report an illegally parked vehicle,"Vehicle has not moved in months, unknown who’s it is. Plows having a hard time getting Around it when others are parked on the street. "
43.0500529,-76.1490936,-76.1397,43.0605,Parking & Vehicles,339 Douglas Syracuse Ny 13203,Report an Abandoned Vehicle,Car in accident and parked on street . hasn't moved in a year 
43.0500529,-76.1490936,-76.1852,43.0458,Parking & Vehicles,"368-398 Tennyson Ave Syracuse, NY, 13204, USA",Report an illegally parked vehicle,"Car has not moved in 4+ days, hence parked illegally for multiple alternate day parking. "
43.0500529,-76.1490936,-76.1576,43.0529,Parking & Vehicles,"463 W Genesee St Syracuse, NY, 13202, USA",Report an Abandoned Vehicle,"There are 3 of those veo bikes that are in the middle of the road. Come get them. I thought these were not being used in the winter, they have spray paint on them in the road."
43.0500529,-76.1490936,-76.1244,43.0569,Parking & Vehicles,"105 Craton St Syracuse, NY, 13203, USA",Report an Abandoned Vehicle,
43.0500529,-76.1490936,-76.112,43.0605,Parking & Vehicles,"431 Stafford Ave Syracuse NY 13206, United States",Report an illegally parked vehicle,"Car parked there for multiple days, plows cannot get that side of the street "
43.0500529,-76.1490936,-76.1205,43.0691,Parking & Vehicles,"148 Paul Ave Syracuse, NY, 13206, USA",Report an illegally parked vehicle,Two broken down cars without plates in driveway for months
43.0500529,-76.1490936,-76.1753,43.0218,Parking & Vehicles,"213 Carlton Rd Syracuse, NY, 13207, USA",Report an illegally parked vehicle,Vehicle parked over sidewalk. My children are unable to walk by without going in the road. Safety issue - help!
43.0500529,-76.1490936,-76.1333,43.0735,Parking & Vehicles,"101–199 Wainwright Ave Syracuse NY 13208, United States",Report an illegally parked vehicle,White car blocking sidewalk on Wainwright Ave  
43.0500529,-76.1490936,-76.1195,43.0324,Parking & Vehicles,"164-298 Westminster Ave Syracuse, NY, 13210, USA",Report an illegally parked vehicle,red golf wagon parked far from curb and facing traffic 
43.0500529,-76.1490936,-76.1602,43.0784,Parking & Vehicles,"223 4th N St Syracuse, NY 13208, USA",Report an illegally parked vehicle,Pickup truck with flat tires parked on wrong side of the street. partially blocking traffic. Stolen and abandoned? been there over 24 hours.
43.0500529,-76.1490936,-76.1484,43.0318,Parking & Vehicles,"Furman St Syracuse, New York, 13205",Report an Abandoned Vehicle,This vehicle has been parked on our street for over 4 months. Never has moved from the  spot or been parked on alternate parking days. It is a nuisance. It is parked in a spot right in front of our driveway Making it difficult to back out And navigate around it .we have avoided hitting  it multiple time so has local traffic.It needs to go please and thank you!
43.0500529,-76.1490936,-76.153,43.0472,Parking & Vehicles,"120 W Jefferson St Syracuse, New York, 13202",Parking Meter,Both parking meters on 100 block Jefferson st are not working 
43.0500529,-76.1490936,-76.1455,43.0496,Parking & Vehicles,"501 E Washington St Syracuse, NY, 13202, USA",Report an illegally parked vehicle,Cars parked in the wrong side 400 block of Elm Street